{"mapstyle":{"modelLines":0,"cleartransparent":"0.0","clearcolor":"0,19,38"},"fontstyle":[{"strokecolor":"255,255,255","fillcolor":"255,255,255","shadow":1,"fontsize":"12.0","typeid":"0","fontface":"Microsoft Yahei","strokewidth":"0"},{"strokecolor":"255,255,255","fillcolor":"255,255,255","shadow":1,"fontsize":"12.0","typeid":"1","fontface":"Microsoft Yahei","strokewidth":"0"}],"hideFloorBase":[],"roomstyle":[{"strokecolor":"240,240,240","color":"240,240,240","alpha":"1.0","name":"颜色0","typeid":"0","transparent":"1.0","strokewidth":"1.0"},{"strokecolor":"153,153,153","color":"255,198,44","alpha":"1.0","name":"颜色1","typeid":"1","transparent":"1.0","strokewidth":"1.0"},{"strokecolor":"157,227,215","color":"232,246,215","alpha":"1.0","name":"颜色10","typeid":"10","transparent":"1.0","strokewidth":"1.0"},{"strokecolor":"154,185,233","color":"119,232,215","alpha":"1.0","name":"颜色11","typeid":"11","transparent":"1.0","strokewidth":"1.0"},{"strokecolor":"153,211,234","color":"53,189,251","alpha":"1.0","name":"颜色12","typeid":"12","transparent":"1.0","strokewidth":"1.0"},{"strokecolor":"250,203,63","color":"118,201,255","alpha":"1.0","name":"颜色13","typeid":"13","transparent":"1.0","strokewidth":"1.0"},{"strokecolor":"23,94,146","color":"23,114,185","alpha":"1.0","name":"颜色14","typeid":"14","transparent":"1.0","strokewidth":"1.0"},{"strokecolor":"23,114,185","color":"23,94,146","alpha":"1.0","name":"颜色15","typeid":"15","transparent":"1.0","strokewidth":"1.0"},{"strokecolor":"9,48,91","color":"120,176,215","alpha":"1.0","name":"颜色16","typeid":"16","transparent":"1.0","strokewidth":"1.0"},{"strokecolor":"146,186,230","color":"117,201,255","alpha":"1.0","name":"颜色17","typeid":"17","transparent":"1.0","strokewidth":"1.0"},{"strokecolor":"240,240,240","color":"179,229,252","alpha":"1.0","name":"颜色18","typeid":"18","transparent":"1.0","strokewidth":"1.0"},{"strokecolor":"159,211,209","color":"74,234,230","alpha":"1.0","name":"颜色19","typeid":"19","transparent":"1.0","strokewidth":"1.0"},{"strokecolor":"240,240,240","color":"156,233,191","alpha":"1.0","name":"颜色20","typeid":"20","transparent":"1.0","strokewidth":"1.0"},{"strokecolor":"229,134,134","color":"157,182,199","alpha":"1.0","name":"颜色21","typeid":"21","transparent":"1.0","strokewidth":"1.0"},{"strokecolor":"10,199,184","color":"53,142,251","alpha":"1.0","name":"颜色22","typeid":"22","transparent":"1.0","strokewidth":"1.0"},{"strokecolor":"128,133,139","color":"66,98,136","alpha":"1.0","name":"颜色23","typeid":"23","transparent":"1.0","strokewidth":"1.0"},{"strokecolor":"100,100,100","color":"50,50,50","alpha":"1.0","name":"颜色24","typeid":"24","transparent":"1.0","strokewidth":"1.0"},{"strokecolor":"107,99,99","color":"67,155,165","alpha":"1.0","name":"颜色25","typeid":"25","transparent":"1.0","strokewidth":"1.0"},{"strokecolor":"9,48,91","color":"120,176,215","alpha":"1.0","name":"颜色26","typeid":"26","transparent":"1.0","strokewidth":"1.0"},{"strokecolor":"232,232,232","color":"255,255,255","alpha":"0.1","name":"颜色999","typeid":"999","transparent":"0.1","strokewidth":"1"}],"floorstyle":[{"color":"24,63,92","light":false,"baseheight":"0.2","floornum":"0","transparent":"0"}],"lights":[{"intensity":1,"color":"#777777","typeid":"1","type":"AmbientLight"},{"intensity":1.4,"pitchAngle":70,"color":"#888888","typeid":"2","type":"DirectionalLight","directionAngle":180},{"intensity":0,"pitchAngle":45,"color":"#000000","typeid":"3","type":"DirectionalLight","directionAngle":90}]}